{
  "threshold": 0.5,
  "accuracy": 0.683649289099526,
  "precision": 0.6692708333333334,
  "recall": 0.6473551637279596,
  "f1": 0.6581306017925737,
  "confusion_matrix": [
    [
      320,
      127
    ],
    [
      140,
      257
    ]
  ],
  "roc_auc": 0.7148693501034041
}