{
  "threshold": 0.5,
  "accuracy": 0.7028913260219342,
  "precision": 0.6815323041738136,
  "recall": 0.6524356869184456,
  "f1": 0.6666666666666666,
  "confusion_matrix": [
    [
      1628,
      557
    ],
    [
      635,
      1192
    ]
  ],
  "roc_auc": 0.7527671001591936
}