{
  "threshold": 0.5,
  "accuracy": 0.6853333333333333,
  "precision": 0.6432584269662921,
  "recall": 0.6775147928994083,
  "f1": 0.659942363112392,
  "confusion_matrix": [
    [
      285,
      127
    ],
    [
      109,
      229
    ]
  ],
  "roc_auc": 0.7317243063135519
}