{
  "threshold": 0.5,
  "accuracy": 0.7898803589232303,
  "precision": 0.7277777777777777,
  "recall": 0.8604269293924466,
  "f1": 0.7885628291948834,
  "confusion_matrix": [
    [
      1597,
      588
    ],
    [
      255,
      1572
    ]
  ],
  "roc_auc": 0.8851083230314667
}