{
  "threshold": 0.5,
  "accuracy": 0.6635071090047393,
  "precision": 0.6281179138321995,
  "recall": 0.6977329974811083,
  "f1": 0.6610978520286396,
  "confusion_matrix": [
    [
      283,
      164
    ],
    [
      120,
      277
    ]
  ],
  "roc_auc": 0.7159118444260365
}