{
  "threshold": 0.5,
  "accuracy": 0.696,
  "precision": 0.6432291666666666,
  "recall": 0.7307692307692307,
  "f1": 0.6842105263157895,
  "confusion_matrix": [
    [
      275,
      137
    ],
    [
      91,
      247
    ]
  ],
  "roc_auc": 0.732794278163957
}