{
  "threshold": 0.5,
  "accuracy": 0.7238285144566301,
  "precision": 0.6959128065395095,
  "recall": 0.69896004378763,
  "f1": 0.6974330966684872,
  "confusion_matrix": [
    [
      1627,
      558
    ],
    [
      550,
      1277
    ]
  ],
  "roc_auc": 0.7889223308145425
}