{
  "threshold": 0.5,
  "accuracy": 0.6587677725118484,
  "precision": 0.6137787056367432,
  "recall": 0.7405541561712846,
  "f1": 0.6712328767123288,
  "confusion_matrix": [
    [
      262,
      185
    ],
    [
      103,
      294
    ]
  ],
  "roc_auc": 0.7087834373010105
}