{
  "threshold": 0.5,
  "accuracy": 0.6773333333333333,
  "precision": 0.6170731707317073,
  "recall": 0.7485207100591716,
  "f1": 0.6764705882352942,
  "confusion_matrix": [
    [
      255,
      157
    ],
    [
      85,
      253
    ]
  ],
  "roc_auc": 0.7464669385879245,
  "epoch": 3
}