{
  "threshold": 0.5,
  "accuracy": 0.688,
  "precision": 0.6857142857142857,
  "recall": 0.5680473372781065,
  "f1": 0.6213592233009708,
  "confusion_matrix": [
    [
      324,
      88
    ],
    [
      146,
      192
    ]
  ],
  "roc_auc": 0.7295628195553513,
  "epoch": 2
}