{
  "threshold": 0.5,
  "accuracy": 0.6906666666666667,
  "precision": 0.6645962732919255,
  "recall": 0.6331360946745562,
  "f1": 0.6484848484848484,
  "confusion_matrix": [
    [
      304,
      108
    ],
    [
      124,
      214
    ]
  ],
  "roc_auc": 0.7264749813293503,
  "epoch": 3
}