{
  "threshold": 0.5,
  "accuracy": 0.6786666666666666,
  "precision": 0.6350974930362117,
  "recall": 0.6745562130177515,
  "f1": 0.6542324246771879,
  "confusion_matrix": [
    [
      281,
      131
    ],
    [
      110,
      228
    ]
  ],
  "roc_auc": 0.730532257137933,
  "epoch": 4
}