{
  "threshold": 0.5,
  "accuracy": 0.6426666666666667,
  "precision": 0.5799086757990868,
  "recall": 0.7514792899408284,
  "f1": 0.654639175257732,
  "confusion_matrix": [
    [
      228,
      184
    ],
    [
      84,
      254
    ]
  ],
  "roc_auc": 0.7284425805710346,
  "epoch": 4
}