{
  "threshold": 0.5,
  "accuracy": 0.652,
  "precision": 0.6410256410256411,
  "recall": 0.5177514792899408,
  "f1": 0.5728314238952537,
  "confusion_matrix": [
    [
      314,
      98
    ],
    [
      163,
      175
    ]
  ],
  "roc_auc": 0.6862038260469927,
  "epoch": 1
}