{
  "threshold": 0.5,
  "accuracy": 0.6506666666666666,
  "precision": 0.5883720930232558,
  "recall": 0.7485207100591716,
  "f1": 0.6588541666666666,
  "confusion_matrix": [
    [
      235,
      177
    ],
    [
      85,
      253
    ]
  ],
  "roc_auc": 0.7310636525535705,
  "epoch": 3
}