{
  "threshold": 0.5,
  "accuracy": 0.628,
  "precision": 0.649746192893401,
  "recall": 0.378698224852071,
  "f1": 0.4785046728971963,
  "confusion_matrix": [
    [
      343,
      69
    ],
    [
      210,
      128
    ]
  ],
  "roc_auc": 0.6916326765094502,
  "epoch": 5
}