{
  "threshold": 0.5,
  "accuracy": 0.704,
  "precision": 0.676829268292683,
  "recall": 0.6568047337278107,
  "f1": 0.6666666666666666,
  "confusion_matrix": [
    [
      306,
      106
    ],
    [
      116,
      222
    ]
  ],
  "roc_auc": 0.7410596311828576,
  "epoch": 5
}