{
  "threshold": 0.5,
  "accuracy": 0.708,
  "precision": 0.7102473498233216,
  "recall": 0.5946745562130178,
  "f1": 0.6473429951690821,
  "confusion_matrix": [
    [
      330,
      82
    ],
    [
      137,
      201
    ]
  ],
  "roc_auc": 0.7421224220141323,
  "epoch": 2
}