{
  "threshold": 0.5,
  "accuracy": 0.632,
  "precision": 0.5798969072164949,
  "recall": 0.665680473372781,
  "f1": 0.6198347107438017,
  "confusion_matrix": [
    [
      249,
      163
    ],
    [
      113,
      225
    ]
  ],
  "roc_auc": 0.6854282759809271,
  "epoch": 1
}