{
  "threshold": 0.5,
  "accuracy": 0.6306666666666667,
  "precision": 0.5707656612529002,
  "recall": 0.727810650887574,
  "f1": 0.6397919375812744,
  "confusion_matrix": [
    [
      227,
      185
    ],
    [
      92,
      246
    ]
  ],
  "roc_auc": 0.7239759866720286,
  "epoch": 2
}